Name;Botanisch;Standort;Klettertyp;Tragseil_Abstand;Pflanzabstand;Wasserbedarf;CO2_Bindung;Kuehleffekt;Immergruen;Bluetenpracht;Herbstfaerbung;Insektenfreundlich;Wuchsverhalten;Wuchsstaerke;Boden;Haftorgan;Pflegebedarf;Gewicht_FLL;Winterhaerte;Klimatoleranz;Biodiversitaet;Bluehzeit;Fruchtbildung;Bild_URL;Beschreibung
Gewöhnlicher Efeu;Hedera helix;Schatten/Halbschatten;Selbstklimmer;-;2-3 Stk/m;Mittel;Hoch;Hoch;Ja;Unscheinbar;Nein;Ja (sehr wichtig);Kriechend/Kletternd;Stark;Anspruchslos;Haftwurzeln;Mittel;bis 40 kg/m²;Sehr gut;Hoch;Sehr Hoch;Sept-Okt;Beeren (giftig);bilder/hedera_helix.png;Der Klassiker. Einzige heimische immergrüne Kletterpflanze.
Kolchischer Efeu;Hedera colchica;Halbschatten/Schatten;Selbstklimmer;-;2 Stk/m;Mittel;Hoch;Hoch;Ja;Unscheinbar;Nein;Ja;Kletternd;Stark;Humos;Haftwurzeln;Mittel;bis 45 kg/m²;Mittel;Mittel;Hoch;Sept-Okt;Beeren;bilder/hedera_colchica.png;Großblättriger als der normale Efeu. Eleganter, aber etwas frostempfindlicher.
Wilder Wein (Dreispitz);Parthenocissus tricuspidata;Sonne/Halbschatten;Selbstklimmer;-;1-2 Stk/m;Gering;Mittel;Mittel;Nein;Unscheinbar;Leuchtend Rot;Ja;Kletternd;Sehr Stark;Nährstoffreich;Haftscheiben;Gering;bis 15 kg/m²;Gut;Sehr Hoch;Mittel;Juni-Juli;Beeren;bilder/wein_dreispitz.png;Bildet extrem dichte Blattflächen. Spektakuläre Herbstfärbung.
Wilder Wein (Fünfblatt);Parthenocissus quinquefolia;Sonne/Schatten;Selbstklimmer/Ranker;-;1 Stk/m;Gering;Mittel;Mittel;Nein;Unscheinbar;Scharlachrot;Ja;Überhängend;Stark;Anspruchslos;Haftscheiben/Ranken;Gering;bis 12 kg/m²;Sehr gut;Hoch;Mittel;Juli;Beeren;bilder/wein_fuenfblatt.png;Robuster als der Dreispitzige Wein, verträgt auch Schatten gut.
Chinesischer Wildwein;Parthenocissus henryana;Halbschatten/Schatten;Selbstklimmer;-;1 Stk/m;Mittel;Mittel;Mittel;Nein;Unscheinbar;Rot;Ja;Kletternd;Mittel;Humos;Haftscheiben;Mittel;bis 10 kg/m²;Mittel (Frostschutz);Mittel;Mittel;Juni;Beeren;bilder/parthenocissus_henryana.png;Besonders schöne weiße Blattadern. Braucht geschützten Standort.
Kletterhortensie;Hydrangea anomala petiolaris;Halbschatten/Schatten;Selbstklimmer;-;1 Stk/2m;Hoch;Mittel;Hoch;Nein;Weiß (Teller);Gelb;Ja;Buschig;Mittel;Sauer/Humos;Haftwurzeln;Gering;bis 25 kg/m²;Gut;Mittel;Hoch;Juni-Juli;Kapseln;bilder/hydrangea_petiolaris.png;Blüht auch im Vollschatten. Wächst langsam an.
Spalthortensie;Schizophragma hydrangeoides;Halbschatten/Schatten;Selbstklimmer;-;1 Stk/2m;Hoch;Mittel;Hoch;Nein;Cremeweiß;Gelb;Ja;Kletternd;Mittel;Sauer/Humos;Haftwurzeln;Mittel;bis 20 kg/m²;Gut;Mittel;Mittel;Juni-Juli;Kapseln;bilder/schizophragma.png;Ähnlich der Kletterhortensie, aber mit großen einzelnen Hochblättern.
Trompetenblume;Campsis radicans;Sonne (Heiß);Selbstklimmer;30-40 cm;1 Stk/2m;Mittel;Mittel;Mittel;Nein;Orange/Rot;Gelb;Ja (Hummeln);Sparrig;Stark;Nährstoffreich;Haftwurzeln;Mittel;bis 20 kg/m²;Mittel;Gut (Hitze);Mittel;Juli-Sept;Schoten;bilder/campsis_radicans.png;Liebt heiße Südwände. Exotische Blüten.
Kletterspindel;Euonymus fortunei;Halbschatten/Schatten;Selbstklimmer;-;3-4 Stk/m;Mittel;Gering;Gering;Ja;Unscheinbar;Teils rötlich;Nein;Kriechend;Schwach;Anspruchslos;Haftwurzeln;Gering;bis 5 kg/m²;Gut;Hoch;Gering;Juni-Juli;Kapseln;bilder/euonymus_fortunei.png;Bodendecker und Kletterpflanze. Immergrün.
Waldgeißblatt;Lonicera periclymenum;Halbschatten;Schlinger;15-20 cm;1 Stk/m;Mittel;Mittel;Mittel;Nein;Gelb-Rot (Duft);Gelb;Ja;Schlingend;Mittel;Feucht;Windend;Mittel;bis 10 kg/m²;Gut;Mittel;Hoch;Juni-Aug;Beeren;bilder/lonicera_periclymenum.png;Heimische Art, sehr wertvoll für Insekten.
Japanisches Geißblatt;Lonicera japonica;Sonne/Halbschatten;Schlinger;20 cm;1 Stk/m;Mittel;Mittel;Mittel;Halb-Immergrün;Weiß-Gelb (Duft);Nein;Ja;Schlingend;Stark;Anspruchslos;Windend;Hoch (Schnitt);bis 15 kg/m²;Gut;Hoch;Mittel;Juni-Sept;Beeren;bilder/lonicera_japonica.png;Sehr starkwüchsig, fast immergrün in milden Wintern.
Riesen-Geißblatt;Lonicera tragophylla;Halbschatten;Schlinger;20 cm;1 Stk/2m;Mittel;Mittel;Mittel;Nein;Goldgelb (Riesig);Nein;Ja;Schlingend;Stark;Nährstoffreich;Windend;Mittel;bis 12 kg/m²;Gut;Mittel;Mittel;Juni-Juli;Beeren;bilder/lonicera_tragophylla.png;Größte Blüten aller Geißblätter (bis 10cm), aber duftlos.
Chinesischer Blauregen;Wisteria sinensis;Sonne;Schlinger;40-60 cm;1 Stk/3m;Hoch;Mittel;Mittel;Nein;Spektakulär (Lila);Gelb;Ja;Schlingend;Extrem Stark;Durchlässig;Windend;Hoch (Schnitt!);bis 50 kg/m²;Gut;Mittel;Mittel;Mai-Juni;Hülsen;bilder/wisteria_sinensis.png;Starker Schlinger, Bauschäden möglich! Blüht vor dem Blattaustrieb.
Japanischer Blauregen;Wisteria floribunda;Sonne;Schlinger;40-60 cm;1 Stk/3m;Hoch;Mittel;Mittel;Nein;Spektakulär (Lange Trauben);Gelb;Ja;Schlingend;Extrem Stark;Durchlässig;Windend;Hoch;bis 50 kg/m²;Gut;Mittel;Mittel;Mai-Juni;Hülsen;bilder/wisteria_floribunda.png;Blütentrauben bis zu 50cm lang.
Ufer-Rebe;Vitis riparia;Sonne/Halbschatten;Ranker;20 cm;1 Stk/2m;Mittel;Mittel;Mittel;Nein;Weiß (Duft);Gelb;Ja;Kletternd;Stark;Feucht;Sprossranken;Mittel;bis 12 kg/m²;Sehr Gut;Sehr Hoch;Hoch;Juni;Kleine Beeren;bilder/vitis_riparia.png;Sehr frostharter Wildwein.
Rostrote Rebe;Vitis coignetiae;Sonne/Halbschatten;Ranker;30 cm;1 Stk/2m;Mittel;Mittel;Mittel;Nein;Unscheinbar;Prachtvoll Rot;Ja;Kletternd;Sehr Stark;Lehmig;Sprossranken;Mittel;bis 15 kg/m²;Gut;Mittel;Mittel;Juni;Kleine Beeren;bilder/vitis_coignetiae.png;Größte Blätter aller Reben (bis 30cm), enorme Zierwirkung.
Echter Wein;Vitis vinifera;Sonne (Süd);Ranker;20-30 cm;1 Stk/1.5m;Mittel;Mittel;Mittel;Nein;Unscheinbar;Gelb;Ja;Kletternd;Stark;Tiefgründig;Sprossranken;Sehr Hoch;bis 15 kg/m²;Mittel;Sehr Hoch;Hoch;Juni;Trauben;bilder/vitis_vinifera.png;Nutzpflanze.
Scheinrebe;Ampelopsis brevipedunculata;Sonne/Halbschatten;Ranker;20 cm;1 Stk/2m;Mittel;Mittel;Mittel;Nein;Unscheinbar;Gelb;Ja;Kletternd;Mittel;Frisch;Sprossranken;Mittel;bis 10 kg/m²;Gut;Mittel;Mittel;Juni;Bunte Beeren (Giftig);bilder/ampelopsis.png;Bekannt für ihre metallisch blauen bis violetten Beeren im Herbst.
Amerikanische Pfeifenwinde;Aristolochia tomentosa;Halbschatten/Schatten;Schlinger;15-20 cm;1 Stk/2m;Hoch;Hoch;Sehr Hoch;Nein;Grünlich;Gelb;Nein;Dicht;Stark;Feucht;Windend;Mittel;bis 18 kg/m²;Sehr Gut;Mittel;Gering;Juni;Kapseln;bilder/aristolochia_tomentosa.png;Dichte "Dachziegel"-Blätter.
Breitblättrige Platterbse;Lathyrus latifolius;Sonne;Ranker;5 cm;4 Stk/m;Mittel;Gering;Gering;Nein;Rosa/Weiß;Nein;Ja;Krautig;Mittel;Durchlässig;Ranken;Gering;bis 2 kg/m²;Gut;Hoch;Hoch;Juni-Aug;Schoten;bilder/lathyrus_latifolius.png;Ausdauernde Wicke, kommt jedes Jahr wieder.
Schönranke;Eccremocarpus scaber;Sonne;Ranker;5 cm;4 Stk/m;Mittel;Gering;Gering;Nein;Orange/Rot;Nein;Ja;Krautig;Schnell;Nährstoffreich;Blattstielranker;Mittel;bis 3 kg/m²;Nein (Einjährig);Gut;Mittel;Juli-Okt;Kapseln;bilder/eccremocarpus.png;Dauerblüher bis zum Frost. In DE meist einjährig.
Sternwinde;Ipomoea lobata;Sonne;Schlinger;10 cm;3 Stk/m;Hoch;Gering;Gering;Nein;Rot-Gelb-Farbverlauf;Nein;Ja;Krautig;Schnell;Nährstoffreich;Windend;Mittel;bis 4 kg/m²;Nein;Gut;Mittel;Juli-Okt;Kapseln;bilder/ipomoea_lobata.png;Exotische Blütenstände ("Spanische Flagge"). Einjährig.
Prunkwinde (Trichter);Ipomoea purpurea;Sonne;Schlinger;10 cm;3 Stk/m;Hoch;Gering;Gering;Nein;Purpur;Nein;Ja;Krautig;Schnell;Nährstoffreich;Windend;Mittel;bis 4 kg/m²;Nein;Gut;Mittel;Juni-Okt;Kapseln;bilder/ipomoea_purpurea.png;Klassiker am Zaun. Einjährig.
Mondwinde;Ipomoea alba;Sonne;Schlinger;10 cm;2 Stk/m;Hoch;Gering;Gering;Nein;Weiß (Riesig/Duft);Nein;Ja (Nachtfalter);Krautig;Schnell;Nährstoffreich;Windend;Mittel;bis 4 kg/m²;Nein;Gut;Mittel;Juli-Okt;Kapseln;bilder/ipomoea_alba.png;Blüht nachts. Einjährig.
Kardinalswinde;Ipomoea quamoclit;Sonne;Schlinger;5-10 cm;4 Stk/m;Mittel;Gering;Gering;Nein;Rot (Sternchen);Nein;Ja;Filigran;Mittel;Nährstoffreich;Windend;Mittel;bis 2 kg/m²;Nein;Gut;Mittel;Juli-Okt;Kapseln;bilder/ipomoea_quamoclit.png;Sehr feines, farnartiges Laub. Einjährig.
Kanarische Kapuzinerkresse;Tropaeolum peregrinum;Halbschatten;Ranker;5 cm;3 Stk/m;Mittel;Gering;Gering;Nein;Gelb (Gefranst);Nein;Ja;Krautig;Schnell;Mager;Blattstielranker;Gering;bis 3 kg/m²;Nein;Mittel;Mittel;Juli-Okt;Samen;bilder/tropaeolum_peregrinum.png;Klettert sehr gut, exotische gelbe Blüten. Einjährig.
Große Kapuzinerkresse;Tropaeolum majus;Sonne/Halbschatten;Ranker;5 cm;3 Stk/m;Mittel;Gering;Gering;Nein;Gelb/Orange;Nein;Ja;Kriechend;Schnell;Mager;Blattstielranker;Gering;bis 3 kg/m²;Nein;Gut;Hoch;Juni-Frost;Samen;bilder/tropaeolum_majus.png;Essbare Blüten. Zieht Blattläuse an (Nützlich als Fangpflanze).
Echter Jasmin;Jasminum officinale;Sonne (Geschützt);Spreizklimmer;10-20 cm;2 Stk/m;Mittel;Gering;Gering;Halb-Immergrün;Weiß (Starker Duft);Nein;Ja;Überhängend;Mittel;Durchlässig;Keine;Hoch;bis 5 kg/m²;Gering (Winterschutz);Gut;Mittel;Juni-Sept;Beeren;bilder/jasminum_officinale.png;Nur für Weinbauklima oder Wintergarten.
Winterjasmin;Jasminum nudiflorum;Sonne/Halbschatten;Spreizklimmer;10-20 cm;2 Stk/m;Gering;Gering;Gering;Nein;Gelb;Nein;Ja (Frühjahr);Überhängend;Mittel;Anspruchslos;Keine;Gering;bis 5 kg/m²;Gut;Hoch;Mittel;Dez-März;Beeren;bilder/jasminum_nudiflorum.png;Blüht im Winter.
Kap-Bleiwurz;Plumbago auriculata;Sonne;Spreizklimmer;20 cm;1 Stk/m;Hoch;Gering;Gering;Nein;Himmelblau;Nein;Ja;Sparrig;Mittel;Kübelpflanze;Keine;Hoch (Überwintern);bis 10 kg/m²;Nein (Kübel);Gut;Mittel;Mai-Okt;Kapseln;bilder/plumbago.png;Nicht winterhart! Perfekte Kübelpflanze für die Terrasse.
Kletterndes Löwenmaul;Asarina scandens;Sonne/Halbschatten;Ranker;5 cm;4 Stk/m;Mittel;Gering;Gering;Nein;Violett;Nein;Ja;Filigran;Mittel;Durchlässig;Blattstielranker;Gering;bis 2 kg/m²;Nein;Gut;Mittel;Juni-Okt;Kapseln;bilder/asarina.png;Zierliche Kletterpflanze für kleine Gitter. Einjährig.
Ballonwein;Cardiospermum halicacabum;Sonne;Schlinger;10 cm;3 Stk/m;Mittel;Gering;Gering;Nein;Weiß (Klein);Gelb;Nein;Krautig;Schnell;Nährstoffreich;Windend;Mittel;bis 3 kg/m²;Nein;Gut;Gering;Juli-Aug;Aufgeblasene Früchte;bilder/cardiospermum.png;Bildet dekorative "Ballons" als Früchte. Einjährig.
Gewöhnliche Waldrebe;Clematis vitalba;Sonne/Halbschatten;Ranker;15-20 cm;1 Stk/2m;Gering;Mittel;Mittel;Nein;Weiß (Klein);Nein;Ja;Wuchernd;Sehr Stark;Kalkhaltig;Blattstielranker;Hoch (Schnitt);bis 10 kg/m²;Sehr gut;Sehr Hoch;Sehr Hoch;Juli-Sept;Federschweif;bilder/clematis_vitalba.png;Heimische Wildart. Wuchert stark (Vorsicht!).
Alpen-Waldrebe;Clematis alpina;Halbschatten;Ranker;5-10 cm;2 Stk/m;Mittel;Gering;Gering;Nein;Blau (Glocken);Nein;Ja;Filigran;Schwach;Kalkhaltig;Blattstielranker;Gering;bis 4 kg/m²;Sehr gut;Hoch;Mittel;April-Mai;Federschweif;bilder/clematis_alpina.png;Frühblüher.
Gold-Waldrebe;Clematis tangutica;Sonne;Ranker;10 cm;2 Stk/m;Gering;Gering;Gering;Nein;Gelb (Glöckchen);Nein;Ja;Dicht;Stark;Trocken;Blattstielranker;Mittel;bis 6 kg/m²;Gut;Hoch;Mittel;Juni-Okt;Federschweif;bilder/clematis_tangutica.png;Gelbe Blüten und dekorative Samenstände.
Italienische Waldrebe;Clematis viticella;Sonne/Halbschatten;Ranker;10 cm;2 Stk/m;Mittel;Gering;Gering;Nein;Violett/Rot;Nein;Ja;Filigran;Mittel;Durchlässig;Blattstielranker;Mittel;bis 5 kg/m²;Gut;Hoch;Mittel;Juni-Sept;Federschweif;bilder/clematis_viticella.png;Sehr gesund, kaum anfällig für Welke.
Clematis 'Niobe';Clematis viticella 'Niobe';Sonne/Halbschatten;Ranker;10 cm;2 Stk/m;Mittel;Gering;Gering;Nein;Dunkelrot (Samtig);Nein;Mittel;Kompakt;Mittel;Humos;Blattstielranker;Hoch;bis 4 kg/m²;Gut;Mittel;Gering;Juni-Sept;Federschweif;bilder/clematis_niobe.png;Tiefrote Sorte.
Clematis 'Ville de Lyon';Clematis viticella 'Ville de Lyon';Sonne/Halbschatten;Ranker;10 cm;2 Stk/m;Mittel;Gering;Gering;Nein;Karminrot;Nein;Mittel;Aufrecht;Mittel;Humos;Blattstielranker;Hoch;bis 4 kg/m²;Gut;Mittel;Gering;Juni-Sept;Federschweif;bilder/clematis_ville_de_lyon.png;Klassiker mit leuchtend roten Blütenrändern.
Clematis 'Etoile Violette';Clematis viticella 'Etoile Violette';Sonne/Halbschatten;Ranker;10 cm;2 Stk/m;Mittel;Gering;Gering;Nein;Dunkelviolett;Nein;Mittel;Aufrecht;Stark;Humos;Blattstielranker;Hoch;bis 5 kg/m²;Gut;Mittel;Gering;Juni-Sept;Federschweif;bilder/clematis_etoile.png;Extrem reichblühend und robust.
Clematis 'Dr. Ruppel';Clematis Hybride;Halbschatten;Ranker;10 cm;2 Stk/m;Mittel;Gering;Gering;Nein;Rosa (Gestreift);Nein;Mittel;Kompakt;Mittel;Humos;Blattstielranker;Hoch;bis 4 kg/m²;Gut;Mittel;Gering;Mai+Aug;Federschweif;bilder/clematis_ruppel.png;Zweifarbig Rosa-Pink.
Clematis 'Justa';Clematis viticella 'Justa';Sonne/Halbschatten;Ranker;10 cm;2 Stk/m;Mittel;Gering;Gering;Nein;Hellblau;Nein;Mittel;Zierlich;Schwach;Humos;Blattstielranker;Hoch;bis 3 kg/m²;Gut;Mittel;Gering;Juni-Sept;Federschweif;bilder/clematis_justa.png;Kleine kompakte Sorte, gut für Kübel.
Clematis 'Miss Bateman';Clematis Hybride;Sonne/Halbschatten;Ranker;10 cm;2 Stk/m;Mittel;Gering;Gering;Nein;Weiß (Grüner Streifen);Nein;Mittel;Kompakt;Mittel;Humos;Blattstielranker;Hoch;bis 4 kg/m²;Gut;Mittel;Gering;Mai+Aug;Federschweif;bilder/clematis_miss_bateman.png;Elegante weiße Blüte.
Clematis 'Westerplatte';Clematis Hybride;Sonne/Halbschatten;Ranker;10 cm;2 Stk/m;Mittel;Gering;Gering;Nein;Dunkelrot;Nein;Mittel;Kompakt;Mittel;Humos;Blattstielranker;Hoch;bis 4 kg/m²;Gut;Mittel;Gering;Juni-Aug;Federschweif;bilder/clematis_westerplatte.png;Polnische Züchtung, sehr farbintensiv.
Clematis 'Polish Spirit';Clematis viticella 'Polish Spirit';Sonne/Halbschatten;Ranker;10 cm;2 Stk/m;Mittel;Gering;Gering;Nein;Dunkelblau-Lila;Nein;Mittel;Dicht;Stark;Humos;Blattstielranker;Hoch;bis 5 kg/m²;Gut;Mittel;Gering;Juni-Okt;Federschweif;bilder/clematis_polish_spirit.png;Blühwunder, wächst sehr dicht (Sichtschutz).
Clematis 'Minuet';Clematis viticella 'Minuet';Sonne/Halbschatten;Ranker;10 cm;2 Stk/m;Mittel;Gering;Gering;Nein;Weiß-Rot-Rand;Nein;Mittel;Filigran;Mittel;Humos;Blattstielranker;Hoch;bis 4 kg/m²;Gut;Mittel;Gering;Juli-Sept;Federschweif;bilder/clematis_minuet.png;Kleine Blüten, wirken tanzend.
Clematis 'Venosa Violacea';Clematis viticella 'Venosa Violacea';Sonne/Halbschatten;Ranker;10 cm;2 Stk/m;Mittel;Gering;Gering;Nein;Weiß-Violett (Adern);Nein;Mittel;Filigran;Mittel;Humos;Blattstielranker;Hoch;bis 4 kg/m²;Gut;Mittel;Gering;Juni-Sept;Federschweif;bilder/clematis_venosa.png;Besonders schöne Aderung der Blütenblätter.
Clematis 'Rouge Cardinal';Clematis Hybride;Sonne/Halbschatten;Ranker;10 cm;2 Stk/m;Mittel;Gering;Gering;Nein;Samtrot;Nein;Mittel;Aufrecht;Mittel;Humos;Blattstielranker;Hoch;bis 4 kg/m²;Gut;Mittel;Gering;Juni-Aug;Federschweif;bilder/clematis_rouge_cardinal.png;Samtiges Rot.
Clematis 'Comtesse de Bouchaud';Clematis Hybride;Sonne/Halbschatten;Ranker;10 cm;2 Stk/m;Mittel;Gering;Gering;Nein;Rosa;Nein;Mittel;Aufrecht;Mittel;Humos;Blattstielranker;Hoch;bis 4 kg/m²;Gut;Mittel;Gering;Juni-Sept;Federschweif;bilder/clematis_comtesse.png;Eine der besten rosafarbenen Sorten.
Clematis 'Hagley Hybrid';Clematis Hybride;Halbschatten;Ranker;10 cm;2 Stk/m;Mittel;Gering;Gering;Nein;Zartrosa;Nein;Mittel;Kompakt;Mittel;Humos;Blattstielranker;Hoch;bis 4 kg/m²;Gut;Mittel;Gering;Juni-Sept;Federschweif;bilder/clematis_hagley.png;Klassiker für schattigere Lagen.
Clematis 'Daniel Deronda';Clematis Hybride;Sonne/Halbschatten;Ranker;10 cm;2 Stk/m;Mittel;Gering;Gering;Nein;Blau-Violett (Gefüllt);Nein;Mittel;Großblumig;Mittel;Humos;Blattstielranker;Hoch;bis 4 kg/m²;Gut;Mittel;Gering;Mai+Sept;Federschweif;bilder/clematis_daniel_deronda.png;Erste Blüte gefüllt, zweite Blüte einfach.
Clematis 'Gipsy Queen';Clematis Hybride;Sonne/Halbschatten;Ranker;10 cm;2 Stk/m;Mittel;Gering;Gering;Nein;Samtviolett;Nein;Mittel;Stark;Mittel;Humos;Blattstielranker;Hoch;bis 5 kg/m²;Gut;Mittel;Gering;Juli-Okt;Federschweif;bilder/clematis_gipsy_queen.png;Spätblühende Sorte mit dunklen Blüten.
Clematis 'Kardynal Wyszynski';Clematis Hybride;Sonne/Halbschatten;Ranker;10 cm;2 Stk/m;Mittel;Gering;Gering;Nein;Leuchtend Rot;Nein;Mittel;Reichblühend;Mittel;Humos;Blattstielranker;Hoch;bis 4 kg/m²;Gut;Mittel;Gering;Juni-Sept;Federschweif;bilder/clematis_kardynal.png;Sehr intensive rote Farbe.
Clematis 'Pink Fantasy';Clematis Hybride;Sonne/Halbschatten;Ranker;10 cm;2 Stk/m;Mittel;Gering;Gering;Nein;Hellrosa;Nein;Mittel;Kompakt;Mittel;Humos;Blattstielranker;Hoch;bis 3 kg/m²;Gut;Mittel;Gering;Juni-Sept;Federschweif;bilder/clematis_pink_fantasy.png;Ideal für Kübelkultur.
Clematis 'Asao';Clematis Hybride;Halbschatten;Ranker;10 cm;2 Stk/m;Mittel;Gering;Gering;Nein;Dunkelrosa (Weißer Streifen);Nein;Mittel;Frühblühend;Mittel;Humos;Blattstielranker;Hoch;bis 4 kg/m²;Gut;Mittel;Gering;Mai+Aug;Federschweif;bilder/clematis_asao.png;Sehr frühe Blüte.
Clematis 'Fujimusume';Clematis Hybride;Sonne/Halbschatten;Ranker;10 cm;2 Stk/m;Mittel;Gering;Gering;Nein;Himmelblau;Nein;Mittel;Zart;Mittel;Humos;Blattstielranker;Hoch;bis 4 kg/m²;Gut;Mittel;Gering;Mai+Aug;Federschweif;bilder/clematis_fujimusume.png;Wunderschönes reines Blau.
Clematis 'Guernsey Cream';Clematis Hybride;Sonne/Halbschatten;Ranker;10 cm;2 Stk/m;Mittel;Gering;Gering;Nein;Cremeweiß-Gelb;Nein;Mittel;Großblumig;Mittel;Humos;Blattstielranker;Hoch;bis 4 kg/m²;Gut;Mittel;Gering;Mai+Aug;Federschweif;bilder/clematis_guernsey_cream.png;Beginnt gelblich und verblasst zu Weiß.
Clematis 'Snow Queen';Clematis Hybride;Sonne/Halbschatten;Ranker;10 cm;2 Stk/m;Mittel;Gering;Gering;Nein;Reinweiß;Nein;Mittel;Großblumig;Mittel;Humos;Blattstielranker;Hoch;bis 4 kg/m²;Gut;Mittel;Gering;Mai+Aug;Federschweif;bilder/clematis_snow_queen.png;Große weiße Blüten mit violettem Schimmer beim Aufblühen.
Clematis 'Warsaw Nike';Clematis Hybride;Sonne/Halbschatten;Ranker;10 cm;2 Stk/m;Mittel;Gering;Gering;Nein;Dunkelviolett;Nein;Mittel;Reichblühend;Mittel;Humos;Blattstielranker;Hoch;bis 4 kg/m²;Gut;Mittel;Gering;Juni-Sept;Federschweif;bilder/clematis_warsaw_nike.png;Benannt nach der Siegesgöttin Nike.
Clematis 'Abundance';Clematis viticella 'Abundance';Sonne/Halbschatten;Ranker;10 cm;2 Stk/m;Mittel;Gering;Gering;Nein;Weinrot;Nein;Mittel;Kleinblumig;Stark;Humos;Blattstielranker;Hoch;bis 5 kg/m²;Gut;Mittel;Gering;Juni-Sept;Federschweif;bilder/clematis_abundance.png;Massenblüher, sehr robust.
Clematis 'Julia Correvon';Clematis viticella 'Julia Correvon';Sonne/Halbschatten;Ranker;10 cm;2 Stk/m;Mittel;Gering;Gering;Nein;Rot;Nein;Mittel;Langblühend;Stark;Humos;Blattstielranker;Hoch;bis 5 kg/m²;Gut;Mittel;Gering;Juni-Sept;Federschweif;bilder/clematis_julia_correvon.png;Eine der besten roten Viticellas.
Clematis 'Blue Angel';Clematis viticella 'Blue Angel';Sonne/Halbschatten;Ranker;10 cm;2 Stk/m;Mittel;Gering;Gering;Nein;Hellblau (Gewellt);Nein;Mittel;Reichblühend;Mittel;Humos;Blattstielranker;Hoch;bis 4 kg/m²;Gut;Mittel;Gering;Juni-Aug;Federschweif;bilder/clematis_blue_angel.png;Gewellte Blütenränder.
Clematis 'Emilia Plater';Clematis viticella 'Emilia Plater';Sonne/Halbschatten;Ranker;10 cm;2 Stk/m;Mittel;Gering;Gering;Nein;Hellblau-Violett;Nein;Mittel;Reichblühend;Stark;Humos;Blattstielranker;Hoch;bis 5 kg/m²;Gut;Mittel;Gering;Juni-Sept;Federschweif;bilder/clematis_emilia_plater.png;Sehr wüchsig und gesund.
Clematis 'Huldine';Clematis viticella 'Huldine';Sonne;Ranker;10 cm;2 Stk/m;Mittel;Gering;Gering;Nein;Perlweiß;Nein;Mittel;Starkwüchsig;Stark;Humos;Blattstielranker;Hoch;bis 6 kg/m²;Gut;Mittel;Gering;Juli-Okt;Federschweif;bilder/clematis_huldine.png;Braucht viel Sonne, wächst sehr hoch (bis 5m).
Clematis 'John Huxtable';Clematis viticella 'John Huxtable';Sonne/Halbschatten;Ranker;10 cm;2 Stk/m;Mittel;Gering;Gering;Nein;Reinweiß;Nein;Mittel;Spätblühend;Mittel;Humos;Blattstielranker;Hoch;bis 4 kg/m²;Gut;Mittel;Gering;Juni-Aug;Federschweif;bilder/clematis_john_huxtable.png;Weißer Abkömmling der Comtesse de Bouchaud.
Clematis 'Lady Betty Balfour';Clematis viticella 'Lady Betty Balfour';Sonne;Ranker;10 cm;2 Stk/m;Mittel;Gering;Gering;Nein;Violett-Blau;Nein;Mittel;Spätblühend;Stark;Humos;Blattstielranker;Hoch;bis 5 kg/m²;Gut;Mittel;Gering;Aug-Okt;Federschweif;bilder/clematis_lady_betty.png;Blüht erst sehr spät im Jahr.
Clematis 'Margot Koster';Clematis viticella 'Margot Koster';Sonne/Halbschatten;Ranker;10 cm;2 Stk/m;Mittel;Gering;Gering;Nein;Rosa (Unregelmäßig);Nein;Mittel;Reichblühend;Mittel;Humos;Blattstielranker;Hoch;bis 4 kg/m²;Gut;Mittel;Gering;Juni-Sept;Federschweif;bilder/clematis_margot_koster.png;Lockerer Wuchs, natürliche Optik.
Clematis 'Perle d Azur';Clematis Hybride;Sonne/Halbschatten;Ranker;10 cm;2 Stk/m;Mittel;Gering;Gering;Nein;Himmelblau;Nein;Mittel;Großblumig;Stark;Humos;Blattstielranker;Hoch;bis 5 kg/m²;Gut;Mittel;Gering;Juni-Sept;Federschweif;bilder/clematis_perle_d_azur.png;Klassiker seit über 100 Jahren.
Clematis 'Star of India';Clematis Hybride;Sonne/Halbschatten;Ranker;10 cm;2 Stk/m;Mittel;Gering;Gering;Nein;Purpur-Violett (Streifen);Nein;Mittel;Starkwüchsig;Stark;Humos;Blattstielranker;Hoch;bis 5 kg/m²;Gut;Mittel;Gering;Juni-Sept;Federschweif;bilder/clematis_star_of_india.png;Auffälliger roter Streifen auf violettem Grund.
Clematis 'Victoria';Clematis Hybride;Sonne/Halbschatten;Ranker;10 cm;2 Stk/m;Mittel;Gering;Gering;Nein;Rosaviolett;Nein;Mittel;Reichblühend;Stark;Humos;Blattstielranker;Hoch;bis 5 kg/m²;Gut;Mittel;Gering;Juli-Sept;Federschweif;bilder/clematis_victoria.png;Sehr robust und reichblühend.
Clematis 'Ernest Markham';Clematis Hybride;Sonne;Ranker;10 cm;2 Stk/m;Mittel;Gering;Gering;Nein;Magenta-Rot;Nein;Mittel;Spätblühend;Stark;Humos;Blattstielranker;Hoch;bis 5 kg/m²;Gut;Mittel;Gering;Juli-Okt;Federschweif;bilder/clematis_ernest_markham.png;Braucht viel Sonne für gute Blütenfarbe.
Clematis 'Gillian Blades';Clematis Hybride;Sonne/Halbschatten;Ranker;10 cm;2 Stk/m;Mittel;Gering;Gering;Nein;Weiß (Gerüscht);Nein;Mittel;Großblumig;Mittel;Humos;Blattstielranker;Hoch;bis 4 kg/m²;Gut;Mittel;Gering;Mai+Aug;Federschweif;bilder/clematis_gillian_blades.png;Gerüschte Blütenränder.
Clematis 'Marie Boisselot';Clematis Hybride;Sonne/Halbschatten;Ranker;10 cm;2 Stk/m;Mittel;Gering;Gering;Nein;Reinweiß;Nein;Mittel;Sehr Groß;Stark;Humos;Blattstielranker;Hoch;bis 5 kg/m²;Gut;Mittel;Gering;Juni-Sept;Federschweif;bilder/clematis_marie_boisselot.png;Riesige weiße Blütenteller.
Clematis 'Mrs Cholmondeley';Clematis Hybride;Sonne/Halbschatten;Ranker;10 cm;2 Stk/m;Mittel;Gering;Gering;Nein;Hellblau-Lavendel;Nein;Mittel;Großblumig;Mittel;Humos;Blattstielranker;Hoch;bis 4 kg/m²;Gut;Mittel;Gering;Mai+Aug;Federschweif;bilder/clematis_mrs_cholmondeley.png;Sehr lange Blütezeit.
Clematis 'Proteus';Clematis Hybride;Sonne/Halbschatten;Ranker;10 cm;2 Stk/m;Mittel;Gering;Gering;Nein;Mauve-Rosa;Nein;Mittel;Gefüllt (Frühjahr);Mittel;Humos;Blattstielranker;Hoch;bis 4 kg/m²;Gut;Mittel;Gering;Mai+Aug;Federschweif;bilder/clematis_proteus.png;Erste Blüte gefüllt, zweite einfach.
Clematis 'The Vyvyan Pennell';Clematis Hybride;Sonne/Halbschatten;Ranker;10 cm;2 Stk/m;Mittel;Gering;Gering;Nein;Violett-Blau (Gefüllt);Nein;Mittel;Spektakulär;Mittel;Humos;Blattstielranker;Hoch;bis 4 kg/m²;Gut;Mittel;Gering;Mai+Aug;Federschweif;bilder/clematis_vyvyan_pennell.png;Eine der prächtigsten gefüllten Sorten.
Clematis 'William Kennett';Clematis Hybride;Sonne/Halbschatten;Ranker;10 cm;2 Stk/m;Mittel;Gering;Gering;Nein;Lavendelblau;Nein;Mittel;Großblumig;Mittel;Humos;Blattstielranker;Hoch;bis 4 kg/m²;Gut;Mittel;Gering;Juni-Sept;Federschweif;bilder/clematis_william_kennett.png;Raue Blütenblätterränder.
Clematis 'Aethelred';Clematis viticella 'Aethelred';Sonne/Halbschatten;Ranker;10 cm;2 Stk/m;Mittel;Gering;Gering;Nein;Lila-Rosa;Nein;Mittel;Reichblühend;Mittel;Humos;Blattstielranker;Hoch;bis 4 kg/m²;Gut;Mittel;Gering;Juni-Sept;Federschweif;bilder/clematis_aethelred.png;Wüchsige Viticella-Sorte.
Clematis 'Black Prince';Clematis viticella 'Black Prince';Sonne/Halbschatten;Ranker;10 cm;2 Stk/m;Mittel;Gering;Gering;Nein;Dunkel-Schwarzrot;Nein;Mittel;Kleinblumig;Mittel;Humos;Blattstielranker;Hoch;bis 4 kg/m²;Gut;Mittel;Gering;Juli-Sept;Federschweif;bilder/clematis_black_prince.png;Sehr dunkle, fast schwarze Blüten.
Clematis 'Confetti';Clematis viticella 'Confetti';Sonne/Halbschatten;Ranker;10 cm;2 Stk/m;Mittel;Gering;Gering;Nein;Rosa (Glöckchen);Nein;Mittel;Filigran;Mittel;Humos;Blattstielranker;Hoch;bis 4 kg/m²;Gut;Mittel;Gering;Juli-Okt;Federschweif;bilder/clematis_confetti.png;Viele kleine rosa Blüten.
Clematis 'I Am Lady Q';Clematis viticella 'I Am Lady Q';Sonne/Halbschatten;Ranker;10 cm;2 Stk/m;Mittel;Gering;Gering;Nein;Weiß-Rosa (Rand);Nein;Mittel;Zierlich;Mittel;Humos;Blattstielranker;Hoch;bis 4 kg/m²;Gut;Mittel;Gering;Juni-Sept;Federschweif;bilder/clematis_lady_q.png;Sehr elegante kleine Blüten.
Clematis 'Little Nell';Clematis viticella 'Little Nell';Sonne/Halbschatten;Ranker;10 cm;2 Stk/m;Mittel;Gering;Gering;Nein;Weiß-Rosa (Rand);Nein;Mittel;Reichblühend;Stark;Humos;Blattstielranker;Hoch;bis 5 kg/m²;Gut;Mittel;Gering;Juli-Sept;Federschweif;bilder/clematis_little_nell.png;Unzählige kleine Blüten.
Clematis 'Peveril Pristine';Clematis viticella 'Peveril Pristine';Sonne/Halbschatten;Ranker;10 cm;2 Stk/m;Mittel;Gering;Gering;Nein;Weiß;Nein;Mittel;Reichblühend;Mittel;Humos;Blattstielranker;Hoch;bis 4 kg/m²;Gut;Mittel;Gering;Juni-Sept;Federschweif;bilder/clematis_peveril_pristine.png;Intensiv weiße Viticella.
Clematis 'Sunshade';Clematis viticella 'Sunshade';Sonne/Halbschatten;Ranker;10 cm;2 Stk/m;Mittel;Gering;Gering;Nein;Rosa-Violett;Nein;Mittel;Gesund;Mittel;Humos;Blattstielranker;Hoch;bis 4 kg/m²;Gut;Mittel;Gering;Juli-Sept;Federschweif;bilder/clematis_sunshade.png;Gute Blattgesundheit.
Clematis 'Tie Dye';Clematis Hybride;Sonne/Halbschatten;Ranker;10 cm;2 Stk/m;Mittel;Gering;Gering;Nein;Violett-Weiß (Marmoriert);Nein;Mittel;Auffällig;Mittel;Humos;Blattstielranker;Hoch;bis 4 kg/m²;Gut;Mittel;Gering;Juli-Sept;Federschweif;bilder/clematis_tie_dye.png;Spektakuläre marmorierte Blüten ("Batik-Optik").
Clematis 'Walenburg';Clematis viticella 'Walenburg';Sonne/Halbschatten;Ranker;10 cm;2 Stk/m;Mittel;Gering;Gering;Nein;Rot-Weiß (Zweifarbig);Nein;Mittel;Reichblühend;Mittel;Humos;Blattstielranker;Hoch;bis 4 kg/m²;Gut;Mittel;Gering;Juni-Sept;Federschweif;bilder/clematis_walenburg.png;Auffälliger Kontrast.
Clematis 'Burma Star';Clematis Hybride;Sonne/Halbschatten;Ranker;10 cm;2 Stk/m;Mittel;Gering;Gering;Nein;Dunkelpurpur;Nein;Mittel;Starkwüchsig;Stark;Humos;Blattstielranker;Hoch;bis 5 kg/m²;Gut;Mittel;Gering;Juni-Sept;Federschweif;bilder/clematis_burma_star.png;Sternförmige dunkle Blüten.
Clematis 'General Sikorski';Clematis Hybride;Sonne/Halbschatten;Ranker;10 cm;2 Stk/m;Mittel;Gering;Gering;Nein;Blau;Nein;Mittel;Großblumig;Mittel;Humos;Blattstielranker;Hoch;bis 4 kg/m²;Gut;Mittel;Gering;Juni-Sept;Federschweif;bilder/clematis_general_sikorski.png;Sehr robustes Blau.
Clematis 'Jan Pawel II';Clematis Hybride;Sonne/Halbschatten;Ranker;10 cm;2 Stk/m;Mittel;Gering;Gering;Nein;Alabasterweiß (Rosa Streifen);Nein;Mittel;Großblumig;Stark;Humos;Blattstielranker;Hoch;bis 5 kg/m²;Gut;Mittel;Gering;Juni-Sept;Federschweif;bilder/clematis_jan_pawel.png;Benannt nach Papst Johannes Paul II.
Clematis 'Moonlight';Clematis Hybride;Halbschatten;Ranker;10 cm;2 Stk/m;Mittel;Gering;Gering;Nein;Cremegelb;Nein;Mittel;Zart;Mittel;Humos;Blattstielranker;Hoch;bis 4 kg/m²;Gut;Mittel;Gering;Mai+Aug;Federschweif;bilder/clematis_moonlight.png;Seltene gelbliche Farbe bei Großblumigen.
Clematis 'Rhapsody';Clematis Hybride;Sonne/Halbschatten;Ranker;10 cm;2 Stk/m;Mittel;Gering;Gering;Nein;Saphirblau;Nein;Mittel;Farbintensiv;Mittel;Humos;Blattstielranker;Hoch;bis 4 kg/m²;Gut;Mittel;Gering;Juni-Sept;Federschweif;bilder/clematis_rhapsody.png;Leuchtet besonders intensiv blau.
Clematis 'Silver Moon';Clematis Hybride;Halbschatten;Ranker;10 cm;2 Stk/m;Mittel;Gering;Gering;Nein;Silbergrau-Lila;Nein;Mittel;Großblumig;Mittel;Humos;Blattstielranker;Hoch;bis 4 kg/m²;Gut;Mittel;Gering;Mai+Aug;Federschweif;bilder/clematis_silver_moon.png;Außergewöhnliche silberne Farbe.
Clematis 'Sunset';Clematis Hybride;Sonne/Halbschatten;Ranker;10 cm;2 Stk/m;Mittel;Gering;Gering;Nein;Dunkelrosa (Roter Streifen);Nein;Mittel;Auffällig;Mittel;Humos;Blattstielranker;Hoch;bis 4 kg/m²;Gut;Mittel;Gering;Mai+Sept;Federschweif;bilder/clematis_sunset.png;Leuchtende Fernwirkung.
Echter Hopfen;Humulus lupulus;Sonne/Halbschatten;Schlinger;10-15 cm;2 Stk/m;Sehr Hoch;Mittel;Mittel;Nein;Grünlich;Gelb;Ja;Schnell;Sehr Stark;Frisch;Windend;Hoch;bis 8 kg/m²;Sehr gut;Mittel;Hoch;Juli-Aug;Zapfen;bilder/humulus_lupulus.png;Treibt extrem schnell aus.
Scharfzähniger Strahlengriffel;Actinidia arguta;Sonne/Halbschatten;Schlinger;20-30 cm;1 Stk/2m;Hoch;Mittel;Mittel;Nein;Weiß;Gelb;Ja;Schlingend;Stark;Humos/Feucht;Windend;Mittel;bis 20 kg/m²;Gut;Mittel;Mittel;Juni;Kiwi-Beeren;bilder/actinidia_arguta.png;Mini-Kiwi, essbar mit Schale.
Kiwi (Großfruchtig);Actinidia deliciosa;Sonne (Warm);Schlinger;30 cm;1 Stk/2m;Sehr Hoch;Mittel;Mittel;Nein;Cremeweiß;Gelb;Ja;Schlingend;Stark;Sauer/Humos;Windend;Hoch;bis 25 kg/m²;Mittel;Mittel;Gering;Juni;Kiwis;bilder/actinidia_deliciosa.png;Braucht warme Lage und Befruchter.
Wald-Erdbeere;Fragaria vesca;Halbschatten;Wandgebunden (Modul);-;6-8 Stk/m²;Mittel;Gering;Gering;Ja;Weiß;Rot;Ja;Bodendeckend;Schwach;Humos;Keine;Mittel;Modulsystem;Sehr Gut;Hoch;Hoch;Mai-Juni;Erdbeeren;bilder/fragaria_vesca.png;Ideal für Vertikalbeete/Pflanztaschen. Essbar.
Gemeiner Bocksdorn (Goji);Lycium barbarum;Sonne;Spreizklimmer;20 cm;1 Stk/m;Gering;Mittel;Mittel;Nein;Violett;Gelb;Ja;Überhängend;Stark;Kalkhaltig;Dornen;Mittel;bis 10 kg/m²;Gut;Hoch;Mittel;Juni-Aug;Goji-Beeren;bilder/lycium_barbarum.png;Gesunde Beeren, aber sparriger Wuchs.
Mai-Beere (Honigbeere);Lonicera kamtschatica;Halbschatten;Wandgebunden (Modul);-;2 Stk/m;Hoch;Mittel;Mittel;Nein;Weiß-Gelb;Gelb;Ja;Buschig;Mittel;Humos;Keine;Mittel;Modulsystem;Sehr Gut;Mittel;Mittel;März-April;Blaue Beeren;bilder/lonicera_kamtschatica.png;Strauch für große Pflanzkästen. Sehr frühe essbare Beeren.
Apfelbaum (Spalier);Malus domestica;Sonne;Spalierobst;30-50 cm (Stabil);1 Stk/2m;Mittel;Mittel;Mittel;Nein;Weiß-Rosa;Gelb;Ja;Spalier;Mittel;Lehmig;Keine;Hoch (Schnitt);bis 30 kg/m²;Gut;Mittel;Hoch;April-Mai;Äpfel;bilder/malus_domestica.png;Benötigt fachgerechten Erziehungsschnitt am Gerüst.
Birnbaum (Spalier);Pyrus communis;Sonne (Warm);Spalierobst;30-50 cm (Stabil);1 Stk/2m;Mittel;Mittel;Mittel;Nein;Weiß;Rot-Gelb;Ja;Spalier;Mittel;Tiefgründig;Keine;Hoch (Schnitt);bis 30 kg/m²;Gut;Mittel;Hoch;April;Birnen;bilder/pyrus_communis.png;Liebt warme Südwände.
Pfirsich (Spalier);Prunus persica;Sonne (Heiß);Spalierobst;30 cm;1 Stk/2m;Hoch;Gering;Mittel;Nein;Rosa;Gelb;Ja;Spalier;Mittel;Durchlässig;Keine;Hoch;bis 20 kg/m²;Mittel;Gut;Mittel;März-April;Pfirsiche;bilder/prunus_persica.png;Braucht Regenschutz gegen Kräuselkrankheit (Dachüberstand).
Aprikose (Spalier);Prunus armeniaca;Sonne (Heiß);Spalierobst;30 cm;1 Stk/2m;Mittel;Gering;Mittel;Nein;Weiß-Rosa;Gelb;Ja;Spalier;Mittel;Durchlässig;Keine;Hoch;bis 20 kg/m²;Mittel (Spätfrost);Gut;Mittel;März;Aprikosen;bilder/prunus_armeniaca.png;Frühe Blüte oft frostgefährdet.
Sauerkirsche (Spalier);Prunus cerasus;Sonne/Halbschatten;Spalierobst;30 cm;1 Stk/2m;Mittel;Mittel;Mittel;Nein;Weiß;Gelb;Ja;Spalier;Mittel;Lehmig;Keine;Hoch;bis 20 kg/m²;Sehr Gut;Mittel;Hoch;April;Kirschen;bilder/prunus_cerasus.png;Gelingt auch an Ost/West-Wänden (Schattenmorelle).
Pflaume/Zwetschge (Spalier);Prunus domestica;Sonne/Halbschatten;Spalierobst;40 cm;1 Stk/2m;Mittel;Mittel;Mittel;Nein;Weiß;Gelb;Ja;Spalier;Stark;Feucht;Keine;Hoch;bis 25 kg/m²;Gut;Mittel;Hoch;April;Pflaumen;bilder/prunus_domestica.png;Robuster als Pfirsich/Aprikose.
Mirabelle (Spalier);Prunus domestica subsp. syriaca;Sonne;Spalierobst;30 cm;1 Stk/2m;Mittel;Mittel;Mittel;Nein;Weiß;Gelb;Ja;Spalier;Mittel;Kalkhaltig;Keine;Hoch;bis 20 kg/m²;Gut;Mittel;Hoch;April;Mirabellen;bilder/mirabelle.png;Süße kleine Früchte.
Quitte (Spalier);Cydonia oblonga;Sonne;Spalierobst;30 cm;1 Stk/2m;Mittel;Mittel;Mittel;Nein;Weiß-Rosa (Groß);Gelb;Ja;Spalier;Mittel;Lehmig;Keine;Mittel;bis 25 kg/m²;Gut;Mittel;Mittel;Mai;Quitten;bilder/cydonia.png;Sehr schöne Blüte und dekorative Früchte.
Echte Feige;Ficus carica;Sonne (Heiß);Spalierobst;30 cm;1 Stk/2m;Mittel;Mittel;Mittel;Nein;Unscheinbar;Gelb;Nein;Buschig;Stark;Durchlässig;Keine;Gering;bis 25 kg/m²;Mittel (Winterschutz);Gut (Hitze);Gering;Sommer;Feigen;bilder/ficus_carica.png;Braucht sehr geschützte Lage (Weinbauklima).
Granatapfel;Punica granatum;Sonne (Kübel);Spalierobst (Kübel);-;1 Stk/m;Mittel;Gering;Gering;Nein;Rot (Exotisch);Gelb;Ja;Buschig;Langsam;Durchlässig;Keine;Hoch (Überwintern);Kübelpflanze;Nein (Frostfrei);Gut;Gering;Juni-Aug;Granatäpfel;bilder/punica.png;Nur im Kübel, muss rein im Winter.
Schwarzaeugige Susanne;Thunbergia alata;Sonne;Schlinger;5-10 cm;3 Stk/m;Hoch;Gering;Gering;Nein;Gelb/Orange;Nein;Ja;Krautig;Mittel;Frisch;Windend;Mittel;bis 3 kg/m²;Nein;Gut;Mittel;Mai-Frost;Kapseln;bilder/thunbergia.png;Beliebte einjährige Kletterpflanze.
Feuerbohne;Phaseolus coccineus;Sonne/Halbschatten;Schlinger;10 cm;4 Stk/m;Hoch;Mittel;Mittel;Nein;Rot;Nein;Ja;Krautig;Schnell;Feucht;Windend;Gering;bis 5 kg/m²;Nein;Mittel;Hoch;Juni-Sept;Bohnen (Essbar);bilder/phaseolus.png;Nutzpflanze und Sichtschutz.
Zierkürbis;Cucurbita pepo;Sonne;Ranker;20 cm;1 Stk/m;Sehr Hoch;Mittel;Mittel;Nein;Gelb (Groß);Nein;Ja;Kriechend;Sehr Stark;Nährstoffreich;Ranken;Mittel;bis 10 kg/m²;Nein;Mittel;Mittel;Juni-Aug;Kürbisse;bilder/cucurbita.png;Schwere Früchte brauchen Stütze.
Schwammkürbis (Luffa);Luffa cylindrica;Sonne (Gewächshaus/Warm);Ranker;10 cm;1 Stk/m;Hoch;Gering;Mittel;Nein;Gelb;Nein;Ja;Krautig;Stark;Nährstoffreich;Ranken;Hoch;bis 8 kg/m²;Nein;Gut;Mittel;Juli-Aug;Luffa-Gurken;bilder/luffa.png;Braucht sehr viel Wärme.
Mandevilla;Dipladenia sanderi;Sonne;Schlinger;10 cm;3 Stk/m;Mittel;Gering;Gering;Ja (im Haus);Rosa/Rot/Weiß;Nein;Nein;Buschig;Mittel;Kübelpflanze;Windend;Gering;Kübelpflanze;Nein (Überwintern);Gut;Gering;Mai-Okt;Keine;bilder/dipladenia.png;Dauerblüher für Balkonkästen/Kübel.
Drillingsblume;Bougainvillea glabra;Sonne;Spreizklimmer;20 cm;1 Stk/m;Mittel;Gering;Gering;Nein;Violett (Hochblätter);Nein;Nein;Sparrig;Mittel;Kübelpflanze;Dornen;Mittel;Kübelpflanze;Nein (Überwintern);Gut;Gering;Sommer;Keine;bilder/bougainvillea.png;Urlaubsfeeling. Muss frostfrei überwintern.
Helmbohne;Lablab purpureus;Sonne;Schlinger;10 cm;3 Stk/m;Hoch;Gering;Mittel;Nein;Violett;Nein;Ja;Krautig;Schnell;Nährstoffreich;Windend;Mittel;bis 5 kg/m²;Nein;Gut;Mittel;Juli-Okt;Violette Hülsen;bilder/lablab.png;Sehr dekorative violette Schoten und Blätter.
Bittermelone;Momordica charantia;Sonne (Warm);Ranker;10 cm;2 Stk/m;Hoch;Gering;Gering;Nein;Gelb;Nein;Ja;Krautig;Mittel;Feucht;Ranken;Hoch;bis 4 kg/m²;Nein;Gut;Mittel;Juni-Aug;Warzige Früchte;bilder/momordica.png;Exotisches Gemüse.
Zucchini (Kletternd);Cucurbita pepo var. cylindrica;Sonne;Ranker;20 cm;1 Stk/m;Sehr Hoch;Mittel;Mittel;Nein;Gelb (Groß);Nein;Ja;Kriechend;Stark;Kompost;Ranken;Mittel;bis 10 kg/m²;Nein;Mittel;Mittel;Juni-Sept;Zucchini;bilder/zucchini.png;Es gibt rankende Sorten (z.B. 'Black Forest').
Zuckermelone;Cucumis melo;Sonne (Geschützt);Ranker;10 cm;2 Stk/m;Hoch;Gering;Gering;Nein;Gelb;Nein;Ja;Krautig;Mittel;Nährstoffreich;Ranken;Hoch;bis 5 kg/m²;Nein;Gut;Mittel;Juni-Aug;Melonen;bilder/cucumis_melo.png;Braucht viel Wärme.
Kartoffelbaum;Solanum jasminoides;Sonne;Spreizklimmer;10 cm;2 Stk/m;Hoch;Gering;Gering;Halb-Immergrün;Weiß;Nein;Ja;Überhängend;Stark;Kübelpflanze;Sprossranken;Mittel;Kübelpflanze;Nein (Überwintern);Gut;Mittel;Mai-Okt;Beeren (Giftig);bilder/solanum_jasminoides.png;Sehr blühfreudig, nicht winterhart.
Bleiwurz (Staude);Ceratostigma plumbaginoides;Sonne/Halbschatten;Wandgebunden (Modul);-;8 Stk/m²;Gering;Gering;Gering;Nein;Enzianblau;Rot;Ja;Bodendeckend;Mittel;Durchlässig;Keine;Gering;Modulsystem;Gut;Hoch;Mittel;Aug-Okt;Nüsschen;bilder/ceratostigma.png;Toller Bodendecker mit Herbstfärbung.
Frühlings-Fingerkraut;Potentilla neumanniana;Sonne;Wandgebunden (Modul);-;10 Stk/m²;Gering;Gering;Gering;Ja;Gelb;Nein;Ja;Polsterbildend;Schwach;Trocken;Keine;Gering;Modulsystem;Sehr Gut;Hoch;Hoch;März-Mai;Nüsschen;bilder/potentilla.png;Heimischer Polsterbildner für sonnige Wände.
Großblütige Braunelle;Prunella grandiflora;Sonne/Halbschatten;Wandgebunden (Modul);-;10 Stk/m²;Mittel;Gering;Gering;Halb-Immergrün;Violett;Nein;Ja (Hummeln);Horstig;Mittel;Kalkhaltig;Keine;Gering;Modulsystem;Sehr Gut;Mittel;Hoch;Juni-Aug;Nüsschen;bilder/prunella.png;Fantastische Bienenweide.
Ähriger Ehrenpreis;Veronica spicata;Sonne;Wandgebunden (Modul);-;10 Stk/m²;Gering;Gering;Gering;Nein;Blau/Rosa;Nein;Ja;Aufrecht;Mittel;Durchlässig;Keine;Gering;Modulsystem;Sehr Gut;Hoch;Hoch;Juni-Aug;Kapseln;bilder/veronica.png;Verträgt Trockenheit gut.
Segge / Schwingel (Gräser);Carex / Festuca spp.;Sonne/Schatten;Wandgebunden (Modul);-;6-8 Stk/m²;Mittel;Mittel;Mittel;Ja;Unscheinbar;Teils Braun;Nein;Horstig;Mittel;Anspruchslos;Keine;Gering (Rückschnitt);Modulsystem;Sehr Gut;Hoch;Gering;Sommer;Ähren;bilder/carex.png;Wichtiges Strukturelement in Living Walls. Immergrün.
Weicher Frauenmantel;Alchemilla mollis;Halbschatten;Wandgebunden (Modul);-;6 Stk/m²;Mittel;Gering;Gering;Nein;Gelb-Grün;Gelb;Ja;Buschig;Stark;Frisch;Keine;Gering;Modulsystem;Sehr Gut;Mittel;Mittel;Juni-Aug;Nüsschen;bilder/alchemilla.png;Fängt Tautropfen sehr dekorativ auf.
Färberkamille;Anthemis tinctoria;Sonne;Wandgebunden (Modul);-;6 Stk/m²;Gering;Gering;Gering;Nein;Gelb;Nein;Ja;Buschig;Mittel;Trocken;Keine;Mittel;Modulsystem;Gut;Hoch;Hoch;Juni-Sept;Nüsschen;bilder/anthemis.png;Dauerblüher für trockene Standorte.
Gänsekresse;Arabis caucasica;Sonne;Wandgebunden (Modul);-;10 Stk/m²;Gering;Gering;Gering;Ja;Weiß;Nein;Ja;Polsterbildend;Mittel;Durchlässig;Keine;Gering;Modulsystem;Sehr Gut;Hoch;Mittel;März-April;Schoten;bilder/arabis.png;Weißer Blütenteppich im Frühling.
Haselwurz;Asarum europaeum;Schatten;Wandgebunden (Modul);-;12 Stk/m²;Mittel;Gering;Gering;Ja;Unscheinbar;Nein;Ja (Ameisen);Kriechend;Langsam;Kalk/Humos;Keine;Gering;Modulsystem;Sehr Gut;Mittel;Mittel;März-April;Kapseln;bilder/asarum.png;Glänzende nierenförmige Blätter, liebt Schatten.
Sterndolde;Astrantia major;Halbschatten;Wandgebunden (Modul);-;6 Stk/m²;Mittel;Gering;Gering;Nein;Weiß/Rosa;Gelb;Ja;Horstig;Mittel;Lehmig;Keine;Mittel;Modulsystem;Sehr Gut;Mittel;Hoch;Juni-Aug;Achänen;bilder/astrantia.png;Wunderschöne Blütenstände.
Bergenie;Bergenia cordifolia;Halbschatten/Schatten;Wandgebunden (Modul);-;6 Stk/m²;Mittel;Gering;Gering;Ja;Rosa;Rot (Winter);Ja;Horstig;Stark;Anspruchslos;Keine;Gering;Modulsystem;Sehr Gut;Mittel;Mittel;April-Mai;Kapseln;bilder/bergenia.png;Große ledrige Blätter, wintergrün.
Polster-Glockenblume;Campanula portenschlagiana;Sonne/Halbschatten;Wandgebunden (Modul);-;10 Stk/m²;Gering;Gering;Gering;Halb-Immergrün;Blau-Violett;Nein;Ja;Polsterbildend;Stark;Kalkhaltig;Keine;Gering;Modulsystem;Sehr Gut;Mittel;Hoch;Juni-Aug;Kapseln;bilder/campanula.png;Wächst aus jeder Mauerritze.
Zimbelkraut;Cymbalaria muralis;Halbschatten/Schatten;Wandgebunden (Modul);-;12 Stk/m²;Mittel;Gering;Gering;Halb-Immergrün;Violett;Nein;Ja;Kriechend;Mittel;Feucht/Stein;Keine;Gering;Modulsystem;Gut;Mittel;Mittel;Mai-Sept;Kapseln;bilder/cymbalaria.png;Klassischer Mauerbewohner.
Elfenblume;Epimedium x;Halbschatten/Schatten;Wandgebunden (Modul);-;8 Stk/m²;Mittel;Gering;Gering;Teils;Weiß/Gelb/Rot;Rot;Ja;Bodendeckend;Mittel;Humos;Keine;Gering;Modulsystem;Gut;Mittel;Mittel;April-Mai;Kapseln;bilder/epimedium.png;Eleganter Bodendecker für Schattenwände.
Spanisches Gänseblümchen;Erigeron karvinskianus;Sonne;Wandgebunden (Modul);-;8 Stk/m²;Gering;Gering;Gering;Nein;Weiß-Rosa;Nein;Ja;Buschig;Mittel;Trocken;Keine;Gering;Modulsystem;Bedingt;Hoch;Mittel;Mai-Okt;Nüsschen;bilder/erigeron.png;Dauerblüher, versamt sich selbst.
Walzen-Wolfsmilch;Euphorbia myrsinites;Sonne (Heiß);Wandgebunden (Modul);-;6 Stk/m²;Gering;Gering;Gering;Ja;Gelb-Grün;Nein;Ja;Kriechend;Mittel;Trocken/Kies;Keine;Gering (Giftig);Modulsystem;Gut;Sehr Hoch;Mittel;April-Mai;Kapseln;bilder/euphorbia.png;Sukkulent anmutende Triebe. Vorsicht: Milchsaft reizend.
Felsen-Storchschnabel;Geranium macrorrhizum;Halbschatten;Wandgebunden (Modul);-;8 Stk/m²;Gering;Gering;Gering;Halb-Immergrün;Rosa/Rot;Rot;Ja;Bodendeckend;Stark;Anspruchslos;Keine;Gering;Modulsystem;Sehr Gut;Hoch;Hoch;Mai-Juni;Spaltfrucht;bilder/geranium.png;Duftendes Laub, extrem robust.
Gundermann;Glechoma hederacea;Halbschatten;Wandgebunden (Modul);-;8 Stk/m²;Mittel;Gering;Gering;Ja;Blau-Violett;Nein;Ja;Kriechend;Wuchernd;Feucht;Keine;Gering;Modulsystem;Sehr Gut;Mittel;Hoch;März-Mai;Nüsschen;bilder/glechoma.png;Hängt lang herab, wuchert aber stark.
Teppich-Schleierkraut;Gypsophila repens;Sonne;Wandgebunden (Modul);-;10 Stk/m²;Gering;Gering;Gering;Halb-Immergrün;Weiß/Rosa;Nein;Ja;Polsterbildend;Mittel;Kalkhaltig;Keine;Gering;Modulsystem;Sehr Gut;Hoch;Mittel;Mai-Juli;Kapseln;bilder/gypsophila.png;Liebt Kalkmauern.
Lenzrose;Helleborus orientalis;Halbschatten;Wandgebunden (Modul);-;4 Stk/m²;Mittel;Gering;Gering;Ja;Weiß/Rosa/Rot;Nein;Ja (Frühjahr);Horstig;Mittel;Lehmig/Kalk;Keine;Gering;Modulsystem;Sehr Gut;Mittel;Hoch;Feb-April;Balgfrucht;bilder/helleborus.png;Blüht sehr früh im Jahr.
Purpurglöckchen;Heuchera Hybriden;Halbschatten;Wandgebunden (Modul);-;8 Stk/m²;Mittel;Gering;Gering;Ja;Weiß/Rosa;Rot/Violett (Laub);Ja;Horstig;Mittel;Humos;Keine;Mittel;Modulsystem;Gut;Mittel;Mittel;Juni-Aug;Kapseln;bilder/heuchera.png;Wird wegen dem bunten Laub gepflanzt (Rot, Orange, Silber).
Schleifenblume;Iberis sempervirens;Sonne;Wandgebunden (Modul);-;8 Stk/m²;Gering;Gering;Gering;Ja;Weiß;Nein;Ja;Polsterbildend;Mittel;Kalkhaltig;Keine;Gering;Modulsystem;Sehr Gut;Hoch;Mittel;April-Mai;Schötchen;bilder/iberis.png;Immergrünes Polster.
Gefleckte Taubnessel;Lamium maculatum;Halbschatten/Schatten;Wandgebunden (Modul);-;10 Stk/m²;Mittel;Gering;Gering;Halb-Immergrün;Rosa/Weiß;Nein;Ja (Hummeln);Kriechend;Stark;Frisch;Keine;Gering;Modulsystem;Sehr Gut;Mittel;Hoch;April-Juli;Nüsschen;bilder/lamium.png;Silbriges Laub hellt Schatten auf.
Echter Lavendel;Lavandula angustifolia;Sonne;Wandgebunden (Modul);-;6 Stk/m²;Gering;Gering;Gering;Ja;Violett (Duft);Grau (Laub);Ja;Buschig;Mittel;Trocken/Kalk;Keine;Mittel (Schnitt);Modulsystem;Gut;Hoch;Hoch;Juni-Aug;Nüsschen;bilder/lavandula.png;Klassiker für sonnige Wände. Schnitt wichtig.
Katzenminze;Nepeta faassenii;Sonne;Wandgebunden (Modul);-;8 Stk/m²;Gering;Gering;Gering;Nein;Blau-Violett;Nein;Ja;Buschig;Stark;Trocken;Keine;Gering (Rückschnitt);Modulsystem;Sehr Gut;Hoch;Hoch;Mai-Sept;Nüsschen;bilder/nepeta.png;Dauerblüher, Insektenmagnet.
Ysander / Dickmännchen;Pachysandra terminalis;Schatten;Wandgebunden (Modul);-;10 Stk/m²;Mittel;Gering;Gering;Ja;Weiß (Unscheinbar);Nein;Mittel;Teppich;Stark;Humos;Keine;Gering;Modulsystem;Sehr Gut;Mittel;Gering;April-Mai;Beeren;bilder/pachysandra.png;Strenges, grünes Bild für Vollschatten.
Teppich-Phlox;Phlox subulata;Sonne;Wandgebunden (Modul);-;10 Stk/m²;Gering;Gering;Gering;Ja;Rosa/Blau/Weiß;Nein;Ja;Polsterbildend;Mittel;Durchlässig;Keine;Gering;Modulsystem;Sehr Gut;Hoch;Mittel;April-Mai;Kapseln;bilder/phlox.png;Blütenmeer im Frühling.
Steppen-Salbei;Salvia nemorosa;Sonne;Wandgebunden (Modul);-;6 Stk/m²;Gering;Gering;Gering;Nein;Blau/Violett;Nein;Ja;Aufrecht;Mittel;Trocken;Keine;Mittel (Schnitt);Modulsystem;Sehr Gut;Hoch;Hoch;Juni-Sept;Nüsschen;bilder/salvia.png;Blüht nach Rückschnitt ein zweites Mal.
Kleines Immergrün;Vinca minor;Halbschatten/Schatten;Wandgebunden (Modul);-;8 Stk/m²;Mittel;Gering;Gering;Ja;Blau/Weiß;Nein;Gering;Kriechend;Mittel;Lehmig;Keine;Gering;Modulsystem;Sehr Gut;Mittel;Gering;April-Mai;Balgfrucht;bilder/vinca.png;Sehr robuster Bodendecker, bildet lange Triebe.
Filigranfarn;Polystichum setiferum;Halbschatten/Schatten;Wandgebunden (Modul);-;4 Stk/m²;Hoch;Gering;Gering;Ja;Keine;Nein;Nein;Horstig;Mittel;Humos;Keine;Mittel;Modulsystem;Gut;Mittel;Gering;Sporen;Keine;bilder/polystichum.png;Wintergrüner Farn, sehr elegant.
Rosa 'Florentina';Rosa Hybride 'Florentina';Sonne;Spreizklimmer;30 cm;1 Stk/1.5m;Mittel;Gering;Gering;Nein;Rot (Gefüllt);Nein;Mittel;Aufrecht;Stark;Tiefgründig;Stacheln;Mittel;bis 10 kg/m²;Sehr Gut;Mittel;Mittel;Juni-Okt;Hagebutten;bilder/rosa_florentina.png;Sehr blattgesunde rote Kletterrose.
Rosa 'Laguna';Rosa Hybride 'Laguna';Sonne;Spreizklimmer;30 cm;1 Stk/1.5m;Mittel;Gering;Gering;Nein;Pink (Stark gefüllt/Duft);Nein;Mittel;Buschig;Stark;Tiefgründig;Stacheln;Mittel;bis 10 kg/m²;Sehr Gut;Mittel;Mittel;Juni-Okt;Hagebutten;bilder/rosa_laguna.png;Intensiver Duft.
Rosa 'Moonlight';Rosa Hybride 'Moonlight';Sonne/Halbschatten;Spreizklimmer;30 cm;1 Stk/1.5m;Mittel;Gering;Gering;Nein;Zitronengelb;Nein;Ja;Aufrecht;Stark;Tiefgründig;Stacheln;Mittel;bis 10 kg/m²;Gut;Mittel;Hoch;Juni-Okt;Hagebutten;bilder/rosa_moonlight.png;Leuchtendes Gelb, hellt dunkle Ecken auf.
Rosa 'Nahema';Rosa Hybride 'Nahema';Sonne;Spreizklimmer;30 cm;1 Stk/1.5m;Mittel;Gering;Gering;Nein;Rosa (Duft);Nein;Mittel;Aufrecht;Mittel;Tiefgründig;Stacheln;Mittel;bis 8 kg/m²;Gut;Mittel;Mittel;Juni-Okt;Hagebutten;bilder/rosa_nahema.png;Parfüm-Rose.
Rosa 'Lawinia';Rosa Hybride 'Lawinia';Sonne;Spreizklimmer;30 cm;1 Stk/1.5m;Mittel;Gering;Gering;Nein;Reinrosa;Nein;Mittel;Buschig;Stark;Tiefgründig;Stacheln;Mittel;bis 10 kg/m²;Gut;Mittel;Mittel;Juni-Okt;Hagebutten;bilder/rosa_lawinia.png;Sehr große Blüten.
Rosa 'Dukat';Rosa Hybride 'Dukat';Sonne;Spreizklimmer;30 cm;1 Stk/1.5m;Mittel;Gering;Gering;Nein;Gelb;Nein;Mittel;Aufrecht;Mittel;Tiefgründig;Stacheln;Mittel;bis 8 kg/m²;Gut;Mittel;Mittel;Juni-Okt;Hagebutten;bilder/rosa_dukat.png;Lockere Blüten, bienenfreundlicher als gefüllte Sorten.
Rosa 'Hella';Rosa Hybride 'Hella';Sonne/Halbschatten;Spreizklimmer;30 cm;1 Stk/1.5m;Mittel;Gering;Gering;Nein;Weiß (Halbgefüllt);Nein;Ja;Bogenförmig;Stark;Tiefgründig;Stacheln;Mittel;bis 10 kg/m²;Sehr Gut;Mittel;Hoch;Juni-Okt;Hagebutten;bilder/rosa_hella.png;Sehr gesund, halbgefüllte weiße Blüten.
Rosa 'Amaretto';Rosa Hybride 'Amaretto';Sonne;Spreizklimmer;30 cm;1 Stk/1.5m;Mittel;Gering;Gering;Nein;Creme-Rosa;Nein;Mittel;Aufrecht;Mittel;Tiefgründig;Stacheln;Mittel;bis 8 kg/m²;Gut;Mittel;Mittel;Juni-Okt;Hagebutten;bilder/rosa_amaretto.png;Romantische Blütenform.
Rosa 'Perennial Blue';Rosa Hybride 'Perennial Blue';Sonne/Halbschatten;Spreizklimmer;30 cm;1 Stk/1.5m;Mittel;Gering;Gering;Nein;Violett-Rosa;Nein;Ja;Ramblerartig;Stark;Tiefgründig;Stacheln;Gering;bis 10 kg/m²;Gut;Mittel;Hoch;Juni-Okt;Hagebutten;bilder/rosa_perennial_blue.png;Öfterblühender Rambler, kleine Blüten in Büscheln.
Rosa 'Super Excelsa';Rosa Hybride 'Super Excelsa';Sonne/Halbschatten;Spreizklimmer;30 cm;1 Stk/1.5m;Mittel;Gering;Gering;Nein;Karminrot;Nein;Mittel;Überhängend;Mittel;Tiefgründig;Stacheln;Gering;bis 8 kg/m²;Sehr Gut;Mittel;Mittel;Juni-Okt;Hagebutten;bilder/rosa_super_excelsa.png;Verbesserte Excelsa, mehltauresistent.
Rosa 'Super Dorothy';Rosa Hybride 'Super Dorothy';Sonne/Halbschatten;Spreizklimmer;30 cm;1 Stk/1.5m;Mittel;Gering;Gering;Nein;Dunkelrosa;Nein;Mittel;Überhängend;Mittel;Tiefgründig;Stacheln;Gering;bis 8 kg/m²;Sehr Gut;Mittel;Mittel;Juni-Okt;Hagebutten;bilder/rosa_super_dorothy.png;Blüht sehr spät bis zum Frost.
Rosa 'Guirlande d Amour';Rosa Hybride 'Guirlande d Amour';Sonne/Halbschatten;Spreizklimmer;30 cm;1 Stk/1.5m;Mittel;Gering;Gering;Nein;Weiß (Klein);Nein;Ja (Sehr);Buschig;Stark;Tiefgründig;Stacheln;Gering;bis 10 kg/m²;Sehr Gut;Mittel;Hoch;Juni-Okt;Hagebutten;bilder/rosa_guirlande.png;Überreich blühend, Insektenmagnet.
Rosa 'American Pillar';Rosa Hybride 'American Pillar';Sonne;Spreizklimmer;40 cm;1 Stk/2m;Mittel;Mittel;Mittel;Nein;Pink (Weißes Auge);Nein;Ja;Kletternd;Extrem Stark;Tiefgründig;Stacheln;Gering;bis 15 kg/m²;Gut;Mittel;Hoch;Juni (Einmal);Hagebutten;bilder/rosa_american_pillar.png;Einmalblühender Riese, extrem wüchsig.